Item Label,Description,Answers,Details
ParticipantID,Identification number for individual participants,"P1, P2,…,P250",
Set,Stimulus set condition to which the participant was randomized,"1, 2, 3, 4, 5, 6",Each participant was randomized to 1 of 6 possible stimulus sets. Each set consisted of 98 unique items and 12 constant items (found at the end of this document)
witnessed a leaf falling from a tree,Stimulus item (Set 1),"1 - Not at all traumatic, 2, 3, 4, 5, 6, 7 - Extremely traumatic",
lost a foot due to frostbite,Stimulus item (Set 1),"1 - Not at all traumatic, 2, 3, 4, 5, 6, 7 - Extremely traumatic",
witnessed a stranger being raped,Stimulus item (Set 1),"1 - Not at all traumatic, 2, 3, 4, 5, 6, 7 - Extremely traumatic",
was tackled by a security officer,Stimulus item (Set 1),"1 - Not at all traumatic, 2, 3, 4, 5, 6, 7 - Extremely traumatic",
visited family members in another country,Stimulus item (Set 1),"1 - Not at all traumatic, 2, 3, 4, 5, 6, 7 - Extremely traumatic",
received chemotherapy,Stimulus item (Set 1),"1 - Not at all traumatic, 2, 3, 4, 5, 6, 7 - Extremely traumatic",
watched a consensual pornographic film involving violence,Stimulus item (Set 1),"1 - Not at all traumatic, 2, 3, 4, 5, 6, 7 - Extremely traumatic",
was in a boat that capsized during a storm,Stimulus item (Set 1),"1 - Not at all traumatic, 2, 3, 4, 5, 6, 7 - Extremely traumatic",
lost a finger during an IED explosion,Stimulus item (Set 1),"1 - Not at all traumatic, 2, 3, 4, 5, 6, 7 - Extremely traumatic",
was injured by a propane tank explosion,Stimulus item (Set 1),"1 - Not at all traumatic, 2, 3, 4, 5, 6, 7 - Extremely traumatic",
was scolded by parents,Stimulus item (Set 1),"1 - Not at all traumatic, 2, 3, 4, 5, 6, 7 - Extremely traumatic",
had an elective belly-button piercing,Stimulus item (Set 1),"1 - Not at all traumatic, 2, 3, 4, 5, 6, 7 - Extremely traumatic",
was shot at while working as a police officer,Stimulus item (Set 1),"1 - Not at all traumatic, 2, 3, 4, 5, 6, 7 - Extremely traumatic",
developed a rash on an arm,Stimulus item (Set 1),"1 - Not at all traumatic, 2, 3, 4, 5, 6, 7 - Extremely traumatic",
witnessed a friend have a panic attack,Stimulus item (Set 1),"1 - Not at all traumatic, 2, 3, 4, 5, 6, 7 - Extremely traumatic",
read a fortune from a fortune cookie,Stimulus item (Set 1),"1 - Not at all traumatic, 2, 3, 4, 5, 6, 7 - Extremely traumatic",
read newspaper coverage of the torture of prisoners of war,Stimulus item (Set 1),"1 - Not at all traumatic, 2, 3, 4, 5, 6, 7 - Extremely traumatic",
lost an eye in a kitchen accident,Stimulus item (Set 1),"1 - Not at all traumatic, 2, 3, 4, 5, 6, 7 - Extremely traumatic",
was called a racial slur by a step-parent,Stimulus item (Set 1),"1 - Not at all traumatic, 2, 3, 4, 5, 6, 7 - Extremely traumatic",
witnessed maimed human corpses while working in a refugee camp,Stimulus item (Set 1),"1 - Not at all traumatic, 2, 3, 4, 5, 6, 7 - Extremely traumatic",
had both arms amputated for medical reasons,Stimulus item (Set 1),"1 - Not at all traumatic, 2, 3, 4, 5, 6, 7 - Extremely traumatic",
had a painful hangnail,Stimulus item (Set 1),"1 - Not at all traumatic, 2, 3, 4, 5, 6, 7 - Extremely traumatic",
was verbally threatened with murder,Stimulus item (Set 1),"1 - Not at all traumatic, 2, 3, 4, 5, 6, 7 - Extremely traumatic",
lost several fingers in a fireworks accident,Stimulus item (Set 1),"1 - Not at all traumatic, 2, 3, 4, 5, 6, 7 - Extremely traumatic",
saw a giraffe at the zoo,Stimulus item (Set 1),"1 - Not at all traumatic, 2, 3, 4, 5, 6, 7 - Extremely traumatic",
had a car stolen,Stimulus item (Set 1),"1 - Not at all traumatic, 2, 3, 4, 5, 6, 7 - Extremely traumatic",
witnessed a friend being beaten to death,Stimulus item (Set 1),"1 - Not at all traumatic, 2, 3, 4, 5, 6, 7 - Extremely traumatic",
lost a home in a fire,Stimulus item (Set 1),"1 - Not at all traumatic, 2, 3, 4, 5, 6, 7 - Extremely traumatic",
witnessed maimed human corpses while working as an emergency medical technician (EMT),Stimulus item (Set 1),"1 - Not at all traumatic, 2, 3, 4, 5, 6, 7 - Extremely traumatic",
became trapped in an underground mine,Stimulus item (Set 1),"1 - Not at all traumatic, 2, 3, 4, 5, 6, 7 - Extremely traumatic",
read a book in which a child was raped and murdered,Stimulus item (Set 1),"1 - Not at all traumatic, 2, 3, 4, 5, 6, 7 - Extremely traumatic",
wrote a thank-you card,Stimulus item (Set 1),"1 - Not at all traumatic, 2, 3, 4, 5, 6, 7 - Extremely traumatic",
hosted a garage sale,Stimulus item (Set 1),"1 - Not at all traumatic, 2, 3, 4, 5, 6, 7 - Extremely traumatic",
volunteered at a soup kitchen,Stimulus item (Set 1),"1 - Not at all traumatic, 2, 3, 4, 5, 6, 7 - Extremely traumatic",
ate a sandwich,Stimulus item (Set 1),"1 - Not at all traumatic, 2, 3, 4, 5, 6, 7 - Extremely traumatic",
perpetrated a murder,Stimulus item (Set 1),"1 - Not at all traumatic, 2, 3, 4, 5, 6, 7 - Extremely traumatic",
failed out of college,Stimulus item (Set 1),"1 - Not at all traumatic, 2, 3, 4, 5, 6, 7 - Extremely traumatic",
learned about a family member being beheaded,Stimulus item (Set 1),"1 - Not at all traumatic, 2, 3, 4, 5, 6, 7 - Extremely traumatic",
was injected using a needle by a doctor,Stimulus item (Set 1),"1 - Not at all traumatic, 2, 3, 4, 5, 6, 7 - Extremely traumatic",
learned that a family member was beaten until unconscious,Stimulus item (Set 1),"1 - Not at all traumatic, 2, 3, 4, 5, 6, 7 - Extremely traumatic",
witnessed father beat mother until bloody,Stimulus item (Set 1),"1 - Not at all traumatic, 2, 3, 4, 5, 6, 7 - Extremely traumatic",
watched an action movie in theaters,Stimulus item (Set 1),"1 - Not at all traumatic, 2, 3, 4, 5, 6, 7 - Extremely traumatic",
contracted a mild skin fungus,Stimulus item (Set 1),"1 - Not at all traumatic, 2, 3, 4, 5, 6, 7 - Extremely traumatic",
watched a movie in which several children were shot and killed,Stimulus item (Set 1),"1 - Not at all traumatic, 2, 3, 4, 5, 6, 7 - Extremely traumatic",
rode a mechanical bull,Stimulus item (Set 1),"1 - Not at all traumatic, 2, 3, 4, 5, 6, 7 - Extremely traumatic",
had a tire explode while driving,Stimulus item (Set 1),"1 - Not at all traumatic, 2, 3, 4, 5, 6, 7 - Extremely traumatic",
stood near the edge of a sheer cliff during a hike,Stimulus item (Set 1),"1 - Not at all traumatic, 2, 3, 4, 5, 6, 7 - Extremely traumatic",
was paralyzed in half of his/her face after a stroke,Stimulus item (Set 1),"1 - Not at all traumatic, 2, 3, 4, 5, 6, 7 - Extremely traumatic",
lost an expensive watch,Stimulus item (Set 1),"1 - Not at all traumatic, 2, 3, 4, 5, 6, 7 - Extremely traumatic",
lost all possessions during a house fire,Stimulus item (Set 1),"1 - Not at all traumatic, 2, 3, 4, 5, 6, 7 - Extremely traumatic",
was asked for sex by a boss,Stimulus item (Set 1),"1 - Not at all traumatic, 2, 3, 4, 5, 6, 7 - Extremely traumatic",
was socially excluded,Stimulus item (Set 1),"1 - Not at all traumatic, 2, 3, 4, 5, 6, 7 - Extremely traumatic",
attempted suicide by gunshot but survived,Stimulus item (Set 1),"1 - Not at all traumatic, 2, 3, 4, 5, 6, 7 - Extremely traumatic",
failed out of law school,Stimulus item (Set 1),"1 - Not at all traumatic, 2, 3, 4, 5, 6, 7 - Extremely traumatic",
had an elective tongue piercing,Stimulus item (Set 1),"1 - Not at all traumatic, 2, 3, 4, 5, 6, 7 - Extremely traumatic",
was burned in a fireworks accident,Stimulus item (Set 1),"1 - Not at all traumatic, 2, 3, 4, 5, 6, 7 - Extremely traumatic",
was raped by a close friend,Stimulus item (Set 1),"1 - Not at all traumatic, 2, 3, 4, 5, 6, 7 - Extremely traumatic",
lost significant language function after a stroke,Stimulus item (Set 1),"1 - Not at all traumatic, 2, 3, 4, 5, 6, 7 - Extremely traumatic",
drank a can of soda,Stimulus item (Set 1),"1 - Not at all traumatic, 2, 3, 4, 5, 6, 7 - Extremely traumatic",
baked a cake,Stimulus item (Set 1),"1 - Not at all traumatic, 2, 3, 4, 5, 6, 7 - Extremely traumatic",
discovered a coyote in a backyard,Stimulus item (Set 1),"1 - Not at all traumatic, 2, 3, 4, 5, 6, 7 - Extremely traumatic",
ate granola,Stimulus item (Set 1),"1 - Not at all traumatic, 2, 3, 4, 5, 6, 7 - Extremely traumatic",
was stabbed by a close friend,Stimulus item (Set 1),"1 - Not at all traumatic, 2, 3, 4, 5, 6, 7 - Extremely traumatic",
became bankrupt after a failed business,Stimulus item (Set 1),"1 - Not at all traumatic, 2, 3, 4, 5, 6, 7 - Extremely traumatic",
watched a TV show in which an adolescent died by suicide,Stimulus item (Set 1),"1 - Not at all traumatic, 2, 3, 4, 5, 6, 7 - Extremely traumatic",
broke a nail,Stimulus item (Set 1),"1 - Not at all traumatic, 2, 3, 4, 5, 6, 7 - Extremely traumatic",
learned about a stranger being beheaded,Stimulus item (Set 1),"1 - Not at all traumatic, 2, 3, 4, 5, 6, 7 - Extremely traumatic",
cleaned windows,Stimulus item (Set 1),"1 - Not at all traumatic, 2, 3, 4, 5, 6, 7 - Extremely traumatic",
was in a building that collapsed during an earthquake,Stimulus item (Set 1),"1 - Not at all traumatic, 2, 3, 4, 5, 6, 7 - Extremely traumatic",
lost all life savings due to robbery,Stimulus item (Set 1),"1 - Not at all traumatic, 2, 3, 4, 5, 6, 7 - Extremely traumatic",
witnessed an adult die after administering unsuccessful CPR,Stimulus item (Set 1),"1 - Not at all traumatic, 2, 3, 4, 5, 6, 7 - Extremely traumatic",
witnessed a friend killing innocents during warfare,Stimulus item (Set 1),"1 - Not at all traumatic, 2, 3, 4, 5, 6, 7 - Extremely traumatic",
had a heart attack and was resuscitated,Stimulus item (Set 1),"1 - Not at all traumatic, 2, 3, 4, 5, 6, 7 - Extremely traumatic",
read a textbook on biology,Stimulus item (Set 1),"1 - Not at all traumatic, 2, 3, 4, 5, 6, 7 - Extremely traumatic",
was paralyzed from the neck down due to a football injury,Stimulus item (Set 1),"1 - Not at all traumatic, 2, 3, 4, 5, 6, 7 - Extremely traumatic",
was teased at school,Stimulus item (Set 1),"1 - Not at all traumatic, 2, 3, 4, 5, 6, 7 - Extremely traumatic",
watched a TV show in which an adult was decapitated,Stimulus item (Set 1),"1 - Not at all traumatic, 2, 3, 4, 5, 6, 7 - Extremely traumatic",
read a car owner's manual,Stimulus item (Set 1),"1 - Not at all traumatic, 2, 3, 4, 5, 6, 7 - Extremely traumatic",
played volleyball with family,Stimulus item (Set 1),"1 - Not at all traumatic, 2, 3, 4, 5, 6, 7 - Extremely traumatic",
was burned on the hand in a kitchen accident,Stimulus item (Set 1),"1 - Not at all traumatic, 2, 3, 4, 5, 6, 7 - Extremely traumatic",
paid federal taxes,Stimulus item (Set 1),"1 - Not at all traumatic, 2, 3, 4, 5, 6, 7 - Extremely traumatic",
witnessed a stranger being stabbed,Stimulus item (Set 1),"1 - Not at all traumatic, 2, 3, 4, 5, 6, 7 - Extremely traumatic",
visited a local landfill,Stimulus item (Set 1),"1 - Not at all traumatic, 2, 3, 4, 5, 6, 7 - Extremely traumatic",
read an article about local elections,Stimulus item (Set 1),"1 - Not at all traumatic, 2, 3, 4, 5, 6, 7 - Extremely traumatic",
received a death threat via social media,Stimulus item (Set 1),"1 - Not at all traumatic, 2, 3, 4, 5, 6, 7 - Extremely traumatic",
was robbed at gunpoint,Stimulus item (Set 1),"1 - Not at all traumatic, 2, 3, 4, 5, 6, 7 - Extremely traumatic",
jaywalked across the street,Stimulus item (Set 1),"1 - Not at all traumatic, 2, 3, 4, 5, 6, 7 - Extremely traumatic",
had a major allergic reaction to peanuts,Stimulus item (Set 1),"1 - Not at all traumatic, 2, 3, 4, 5, 6, 7 - Extremely traumatic",
took in an article of clothing for tailoring,Stimulus item (Set 1),"1 - Not at all traumatic, 2, 3, 4, 5, 6, 7 - Extremely traumatic",
was unsuccessful in college applications,Stimulus item (Set 1),"1 - Not at all traumatic, 2, 3, 4, 5, 6, 7 - Extremely traumatic",
learned about a stranger entering the home during the night,Stimulus item (Set 1),"1 - Not at all traumatic, 2, 3, 4, 5, 6, 7 - Extremely traumatic",
had their tongue removed by a surgeon for medical reasons,Stimulus item (Set 1),"1 - Not at all traumatic, 2, 3, 4, 5, 6, 7 - Extremely traumatic",
learned about a family member going to a party,Stimulus item (Set 1),"1 - Not at all traumatic, 2, 3, 4, 5, 6, 7 - Extremely traumatic",
erased important information from a whiteboard,Stimulus item (Set 1),"1 - Not at all traumatic, 2, 3, 4, 5, 6, 7 - Extremely traumatic",
was spanked by parents,Stimulus item (Set 1),"1 - Not at all traumatic, 2, 3, 4, 5, 6, 7 - Extremely traumatic",
was not hired after a job interview,Stimulus item (Set 1),"1 - Not at all traumatic, 2, 3, 4, 5, 6, 7 - Extremely traumatic",
had a haircut,Stimulus item (Set 1),"1 - Not at all traumatic, 2, 3, 4, 5, 6, 7 - Extremely traumatic",
had an abortion,Stimulus item (Set 1),"1 - Not at all traumatic, 2, 3, 4, 5, 6, 7 - Extremely traumatic",
witnessed a bull die in a bull-fight,Stimulus item (Set 2),"1 - Not at all traumatic, 2, 3, 4, 5, 6, 7 - Extremely traumatic",
was interrogated by police,Stimulus item (Set 2),"1 - Not at all traumatic, 2, 3, 4, 5, 6, 7 - Extremely traumatic",
was beaten until unconscious by a father,Stimulus item (Set 2),"1 - Not at all traumatic, 2, 3, 4, 5, 6, 7 - Extremely traumatic",
was slapped in the face by a mother,Stimulus item (Set 2),"1 - Not at all traumatic, 2, 3, 4, 5, 6, 7 - Extremely traumatic",
drank lemonade with dry cracked lips,Stimulus item (Set 2),"1 - Not at all traumatic, 2, 3, 4, 5, 6, 7 - Extremely traumatic",
witnessed a child being shot and killed,Stimulus item (Set 2),"1 - Not at all traumatic, 2, 3, 4, 5, 6, 7 - Extremely traumatic",
was knocked unconscious while practicing martial arts,Stimulus item (Set 2),"1 - Not at all traumatic, 2, 3, 4, 5, 6, 7 - Extremely traumatic",
learned about a stranger being tortured as a prisoner of war,Stimulus item (Set 2),"1 - Not at all traumatic, 2, 3, 4, 5, 6, 7 - Extremely traumatic",
read a horoscope prediction,Stimulus item (Set 2),"1 - Not at all traumatic, 2, 3, 4, 5, 6, 7 - Extremely traumatic",
"made a medication error as a nurse, resulting in a patient's death",Stimulus item (Set 2),"1 - Not at all traumatic, 2, 3, 4, 5, 6, 7 - Extremely traumatic",
learned that a romantic partner had been unfaithful,Stimulus item (Set 2),"1 - Not at all traumatic, 2, 3, 4, 5, 6, 7 - Extremely traumatic",
learned about a stranger changing jobs,Stimulus item (Set 2),"1 - Not at all traumatic, 2, 3, 4, 5, 6, 7 - Extremely traumatic",
sang karaoke,Stimulus item (Set 2),"1 - Not at all traumatic, 2, 3, 4, 5, 6, 7 - Extremely traumatic",
received a pat-down from a TSA agent,Stimulus item (Set 2),"1 - Not at all traumatic, 2, 3, 4, 5, 6, 7 - Extremely traumatic",
learned about a close friend being tortured as a prisoner of war,Stimulus item (Set 2),"1 - Not at all traumatic, 2, 3, 4, 5, 6, 7 - Extremely traumatic",
lost a child in a house fire,Stimulus item (Set 2),"1 - Not at all traumatic, 2, 3, 4, 5, 6, 7 - Extremely traumatic",
listened to an audio tape of a stranger being tortured,Stimulus item (Set 2),"1 - Not at all traumatic, 2, 3, 4, 5, 6, 7 - Extremely traumatic",
learned about the natural death of a family member,Stimulus item (Set 2),"1 - Not at all traumatic, 2, 3, 4, 5, 6, 7 - Extremely traumatic",
was raped,Stimulus item (Set 2),"1 - Not at all traumatic, 2, 3, 4, 5, 6, 7 - Extremely traumatic",
visited a local museum,Stimulus item (Set 2),"1 - Not at all traumatic, 2, 3, 4, 5, 6, 7 - Extremely traumatic",
was stabbed by a stranger,Stimulus item (Set 2),"1 - Not at all traumatic, 2, 3, 4, 5, 6, 7 - Extremely traumatic",
mowed the lawn,Stimulus item (Set 2),"1 - Not at all traumatic, 2, 3, 4, 5, 6, 7 - Extremely traumatic",
checked out a book at a library,Stimulus item (Set 2),"1 - Not at all traumatic, 2, 3, 4, 5, 6, 7 - Extremely traumatic",
lost a child due to complications in childbirth,Stimulus item (Set 2),"1 - Not at all traumatic, 2, 3, 4, 5, 6, 7 - Extremely traumatic",
looked down over a cliff's edge on a hike,Stimulus item (Set 2),"1 - Not at all traumatic, 2, 3, 4, 5, 6, 7 - Extremely traumatic",
learned about a family member choking on a piece of food,Stimulus item (Set 2),"1 - Not at all traumatic, 2, 3, 4, 5, 6, 7 - Extremely traumatic",
had a conversation at a family dinner,Stimulus item (Set 2),"1 - Not at all traumatic, 2, 3, 4, 5, 6, 7 - Extremely traumatic",
walked up a flight of stairs,Stimulus item (Set 2),"1 - Not at all traumatic, 2, 3, 4, 5, 6, 7 - Extremely traumatic",
lost an important package in the mail,Stimulus item (Set 2),"1 - Not at all traumatic, 2, 3, 4, 5, 6, 7 - Extremely traumatic",
was sniffed in the crotch by a dog,Stimulus item (Set 2),"1 - Not at all traumatic, 2, 3, 4, 5, 6, 7 - Extremely traumatic",
completely lost vision after an explosion,Stimulus item (Set 2),"1 - Not at all traumatic, 2, 3, 4, 5, 6, 7 - Extremely traumatic",
read a comic book,Stimulus item (Set 2),"1 - Not at all traumatic, 2, 3, 4, 5, 6, 7 - Extremely traumatic",
was robbed at knifepoint,Stimulus item (Set 2),"1 - Not at all traumatic, 2, 3, 4, 5, 6, 7 - Extremely traumatic",
looked in the mirror,Stimulus item (Set 2),"1 - Not at all traumatic, 2, 3, 4, 5, 6, 7 - Extremely traumatic",
hosted a dinner party,Stimulus item (Set 2),"1 - Not at all traumatic, 2, 3, 4, 5, 6, 7 - Extremely traumatic",
was kept for a week in solitary confinement,Stimulus item (Set 2),"1 - Not at all traumatic, 2, 3, 4, 5, 6, 7 - Extremely traumatic",
read an encyclopedia entry,Stimulus item (Set 2),"1 - Not at all traumatic, 2, 3, 4, 5, 6, 7 - Extremely traumatic",
posted on social media,Stimulus item (Set 2),"1 - Not at all traumatic, 2, 3, 4, 5, 6, 7 - Extremely traumatic",
climbed a ladder to change a lightbulb,Stimulus item (Set 2),"1 - Not at all traumatic, 2, 3, 4, 5, 6, 7 - Extremely traumatic",
read a book of poetry,Stimulus item (Set 2),"1 - Not at all traumatic, 2, 3, 4, 5, 6, 7 - Extremely traumatic",
witnessed a family member being hit by a car and injured,Stimulus item (Set 2),"1 - Not at all traumatic, 2, 3, 4, 5, 6, 7 - Extremely traumatic",
watched a video of a deer being shot and killed,Stimulus item (Set 2),"1 - Not at all traumatic, 2, 3, 4, 5, 6, 7 - Extremely traumatic",
choked on a piece of food,Stimulus item (Set 2),"1 - Not at all traumatic, 2, 3, 4, 5, 6, 7 - Extremely traumatic",
went down a slide at a water park,Stimulus item (Set 2),"1 - Not at all traumatic, 2, 3, 4, 5, 6, 7 - Extremely traumatic",
experienced turbulence during a flight,Stimulus item (Set 2),"1 - Not at all traumatic, 2, 3, 4, 5, 6, 7 - Extremely traumatic",
watched a pornographic film involving an adolescent,Stimulus item (Set 2),"1 - Not at all traumatic, 2, 3, 4, 5, 6, 7 - Extremely traumatic",
vomited in a friend's car,Stimulus item (Set 2),"1 - Not at all traumatic, 2, 3, 4, 5, 6, 7 - Extremely traumatic",
negligently killed an adult pedestrian while drunk driving,Stimulus item (Set 2),"1 - Not at all traumatic, 2, 3, 4, 5, 6, 7 - Extremely traumatic",
had a migraine headache,Stimulus item (Set 2),"1 - Not at all traumatic, 2, 3, 4, 5, 6, 7 - Extremely traumatic",
went into a coma after a stroke,Stimulus item (Set 2),"1 - Not at all traumatic, 2, 3, 4, 5, 6, 7 - Extremely traumatic",
broke an arm in a motorcycle accident,Stimulus item (Set 2),"1 - Not at all traumatic, 2, 3, 4, 5, 6, 7 - Extremely traumatic",
watched a video of a man attacked by a dog,Stimulus item (Set 2),"1 - Not at all traumatic, 2, 3, 4, 5, 6, 7 - Extremely traumatic",
witnessed a stranger being hanged,Stimulus item (Set 2),"1 - Not at all traumatic, 2, 3, 4, 5, 6, 7 - Extremely traumatic",
witnessed a close friend being raped,Stimulus item (Set 2),"1 - Not at all traumatic, 2, 3, 4, 5, 6, 7 - Extremely traumatic",
experienced a parents' divorce,Stimulus item (Set 2),"1 - Not at all traumatic, 2, 3, 4, 5, 6, 7 - Extremely traumatic",
vacuumed the carpet,Stimulus item (Set 2),"1 - Not at all traumatic, 2, 3, 4, 5, 6, 7 - Extremely traumatic",
debated with a family member about abortion,Stimulus item (Set 2),"1 - Not at all traumatic, 2, 3, 4, 5, 6, 7 - Extremely traumatic",
shoveled snow off of a walkway,Stimulus item (Set 2),"1 - Not at all traumatic, 2, 3, 4, 5, 6, 7 - Extremely traumatic",
was accused of fraud on national TV,Stimulus item (Set 2),"1 - Not at all traumatic, 2, 3, 4, 5, 6, 7 - Extremely traumatic",
listened to a pop album,Stimulus item (Set 2),"1 - Not at all traumatic, 2, 3, 4, 5, 6, 7 - Extremely traumatic",
took a child to the mall,Stimulus item (Set 2),"1 - Not at all traumatic, 2, 3, 4, 5, 6, 7 - Extremely traumatic",
was bruised in a car accident,Stimulus item (Set 2),"1 - Not at all traumatic, 2, 3, 4, 5, 6, 7 - Extremely traumatic",
witnessed a friend die by suicide with a gun,Stimulus item (Set 2),"1 - Not at all traumatic, 2, 3, 4, 5, 6, 7 - Extremely traumatic",
was electrocuted by a wall socket,Stimulus item (Set 2),"1 - Not at all traumatic, 2, 3, 4, 5, 6, 7 - Extremely traumatic",
broke both legs by falling during a hike,Stimulus item (Set 2),"1 - Not at all traumatic, 2, 3, 4, 5, 6, 7 - Extremely traumatic",
attended a community college lecture,Stimulus item (Set 2),"1 - Not at all traumatic, 2, 3, 4, 5, 6, 7 - Extremely traumatic",
attended a poetry reading group,Stimulus item (Set 2),"1 - Not at all traumatic, 2, 3, 4, 5, 6, 7 - Extremely traumatic",
was sick with a stomach virus,Stimulus item (Set 2),"1 - Not at all traumatic, 2, 3, 4, 5, 6, 7 - Extremely traumatic",
witnessed a stranger drowning,Stimulus item (Set 2),"1 - Not at all traumatic, 2, 3, 4, 5, 6, 7 - Extremely traumatic",
attended a church service,Stimulus item (Set 2),"1 - Not at all traumatic, 2, 3, 4, 5, 6, 7 - Extremely traumatic",
cleaned mud off of shoes,Stimulus item (Set 2),"1 - Not at all traumatic, 2, 3, 4, 5, 6, 7 - Extremely traumatic",
suffered major lacerations during an earthquake,Stimulus item (Set 2),"1 - Not at all traumatic, 2, 3, 4, 5, 6, 7 - Extremely traumatic",
watched a video of a child being raped,Stimulus item (Set 2),"1 - Not at all traumatic, 2, 3, 4, 5, 6, 7 - Extremely traumatic",
was verbally harassed by a boss,Stimulus item (Set 2),"1 - Not at all traumatic, 2, 3, 4, 5, 6, 7 - Extremely traumatic",
watched a horror movie,Stimulus item (Set 2),"1 - Not at all traumatic, 2, 3, 4, 5, 6, 7 - Extremely traumatic",
learned that a close friend was murdered,Stimulus item (Set 2),"1 - Not at all traumatic, 2, 3, 4, 5, 6, 7 - Extremely traumatic",
got a papercut,Stimulus item (Set 2),"1 - Not at all traumatic, 2, 3, 4, 5, 6, 7 - Extremely traumatic",
slept in a hotel room,Stimulus item (Set 2),"1 - Not at all traumatic, 2, 3, 4, 5, 6, 7 - Extremely traumatic",
witnessed a child die after administering unsuccessful CPR,Stimulus item (Set 2),"1 - Not at all traumatic, 2, 3, 4, 5, 6, 7 - Extremely traumatic",
was tortured as a prisoner of war,Stimulus item (Set 2),"1 - Not at all traumatic, 2, 3, 4, 5, 6, 7 - Extremely traumatic",
was raped by a stranger,Stimulus item (Set 2),"1 - Not at all traumatic, 2, 3, 4, 5, 6, 7 - Extremely traumatic",
experienced a grandparents' divorce,Stimulus item (Set 2),"1 - Not at all traumatic, 2, 3, 4, 5, 6, 7 - Extremely traumatic",
developed a rash from touching poison ivy,Stimulus item (Set 2),"1 - Not at all traumatic, 2, 3, 4, 5, 6, 7 - Extremely traumatic",
"was hit by a semi-truck while driving, sustaining minor injury",Stimulus item (Set 2),"1 - Not at all traumatic, 2, 3, 4, 5, 6, 7 - Extremely traumatic",
witnessed a father die from cancer,Stimulus item (Set 2),"1 - Not at all traumatic, 2, 3, 4, 5, 6, 7 - Extremely traumatic",
was threatened with rape by a friend,Stimulus item (Set 2),"1 - Not at all traumatic, 2, 3, 4, 5, 6, 7 - Extremely traumatic",
learned about engine failure while on a flight,Stimulus item (Set 2),"1 - Not at all traumatic, 2, 3, 4, 5, 6, 7 - Extremely traumatic",
paid for the bill at a restaurant,Stimulus item (Set 2),"1 - Not at all traumatic, 2, 3, 4, 5, 6, 7 - Extremely traumatic",
was cut from the basketball team,Stimulus item (Set 2),"1 - Not at all traumatic, 2, 3, 4, 5, 6, 7 - Extremely traumatic",
was slapped in the face by a stranger,Stimulus item (Set 2),"1 - Not at all traumatic, 2, 3, 4, 5, 6, 7 - Extremely traumatic",
watched a video of an adult being shot and killed,Stimulus item (Set 2),"1 - Not at all traumatic, 2, 3, 4, 5, 6, 7 - Extremely traumatic",
killed a child pedestrian while driving,Stimulus item (Set 2),"1 - Not at all traumatic, 2, 3, 4, 5, 6, 7 - Extremely traumatic",
lost a medical licence due to false accusations of malpractice,Stimulus item (Set 2),"1 - Not at all traumatic, 2, 3, 4, 5, 6, 7 - Extremely traumatic",
changed a baby's diaper,Stimulus item (Set 2),"1 - Not at all traumatic, 2, 3, 4, 5, 6, 7 - Extremely traumatic",
shopped for clothing,Stimulus item (Set 2),"1 - Not at all traumatic, 2, 3, 4, 5, 6, 7 - Extremely traumatic",
crossed the street at a pedestrian walkway,Stimulus item (Set 2),"1 - Not at all traumatic, 2, 3, 4, 5, 6, 7 - Extremely traumatic",
suffered from an asthma attack,Stimulus item (Set 2),"1 - Not at all traumatic, 2, 3, 4, 5, 6, 7 - Extremely traumatic",
met a friend for coffee,Stimulus item (Set 2),"1 - Not at all traumatic, 2, 3, 4, 5, 6, 7 - Extremely traumatic",
broke an ankle while running,Stimulus item (Set 3),"1 - Not at all traumatic, 2, 3, 4, 5, 6, 7 - Extremely traumatic",
debated with a friend about abortion,Stimulus item (Set 3),"1 - Not at all traumatic, 2, 3, 4, 5, 6, 7 - Extremely traumatic",
was falsely accused of rape by a friend,Stimulus item (Set 3),"1 - Not at all traumatic, 2, 3, 4, 5, 6, 7 - Extremely traumatic",
had an identity stolen,Stimulus item (Set 3),"1 - Not at all traumatic, 2, 3, 4, 5, 6, 7 - Extremely traumatic",
rode in a taxi to the airport,Stimulus item (Set 3),"1 - Not at all traumatic, 2, 3, 4, 5, 6, 7 - Extremely traumatic",
went camping,Stimulus item (Set 3),"1 - Not at all traumatic, 2, 3, 4, 5, 6, 7 - Extremely traumatic",
was stabbed,Stimulus item (Set 3),"1 - Not at all traumatic, 2, 3, 4, 5, 6, 7 - Extremely traumatic",
was touched in the crotch by a relative without permission,Stimulus item (Set 3),"1 - Not at all traumatic, 2, 3, 4, 5, 6, 7 - Extremely traumatic",
was touched in the crotch by a father without permission,Stimulus item (Set 3),"1 - Not at all traumatic, 2, 3, 4, 5, 6, 7 - Extremely traumatic",
was hit by a car and broke a vertebrae,Stimulus item (Set 3),"1 - Not at all traumatic, 2, 3, 4, 5, 6, 7 - Extremely traumatic",
was ignored by a parent,Stimulus item (Set 3),"1 - Not at all traumatic, 2, 3, 4, 5, 6, 7 - Extremely traumatic",
saw a snake at the zoo,Stimulus item (Set 3),"1 - Not at all traumatic, 2, 3, 4, 5, 6, 7 - Extremely traumatic",
witnessed a stranger killing innocents during warfare,Stimulus item (Set 3),"1 - Not at all traumatic, 2, 3, 4, 5, 6, 7 - Extremely traumatic",
cleaned a toilet,Stimulus item (Set 3),"1 - Not at all traumatic, 2, 3, 4, 5, 6, 7 - Extremely traumatic",
was slandered in a national newspaper,Stimulus item (Set 3),"1 - Not at all traumatic, 2, 3, 4, 5, 6, 7 - Extremely traumatic",
had a home searched by police,Stimulus item (Set 3),"1 - Not at all traumatic, 2, 3, 4, 5, 6, 7 - Extremely traumatic",
tripped and scraped a knee on the concrete,Stimulus item (Set 3),"1 - Not at all traumatic, 2, 3, 4, 5, 6, 7 - Extremely traumatic",
watched a TV show in which a child died in a vehicle accident,Stimulus item (Set 3),"1 - Not at all traumatic, 2, 3, 4, 5, 6, 7 - Extremely traumatic",
took a dog for a walk,Stimulus item (Set 3),"1 - Not at all traumatic, 2, 3, 4, 5, 6, 7 - Extremely traumatic",
was asked by a doctor to report a medical history,Stimulus item (Set 3),"1 - Not at all traumatic, 2, 3, 4, 5, 6, 7 - Extremely traumatic",
changed a car tire,Stimulus item (Set 3),"1 - Not at all traumatic, 2, 3, 4, 5, 6, 7 - Extremely traumatic",
listened to orchestral music,Stimulus item (Set 3),"1 - Not at all traumatic, 2, 3, 4, 5, 6, 7 - Extremely traumatic",
was shot accidentally while hunting,Stimulus item (Set 3),"1 - Not at all traumatic, 2, 3, 4, 5, 6, 7 - Extremely traumatic",
was disowned by a family,Stimulus item (Set 3),"1 - Not at all traumatic, 2, 3, 4, 5, 6, 7 - Extremely traumatic",
was attacked by a mountain lion,Stimulus item (Set 3),"1 - Not at all traumatic, 2, 3, 4, 5, 6, 7 - Extremely traumatic",
slammed a finger in the door,Stimulus item (Set 3),"1 - Not at all traumatic, 2, 3, 4, 5, 6, 7 - Extremely traumatic",
was stranded in the wilderness for a week,Stimulus item (Set 3),"1 - Not at all traumatic, 2, 3, 4, 5, 6, 7 - Extremely traumatic",
was choked by a romantic partner,Stimulus item (Set 3),"1 - Not at all traumatic, 2, 3, 4, 5, 6, 7 - Extremely traumatic",
lost a finger in a kitchen accident,Stimulus item (Set 3),"1 - Not at all traumatic, 2, 3, 4, 5, 6, 7 - Extremely traumatic",
lost a $20 bill,Stimulus item (Set 3),"1 - Not at all traumatic, 2, 3, 4, 5, 6, 7 - Extremely traumatic",
read a book in which an adult was raped and murdered,Stimulus item (Set 3),"1 - Not at all traumatic, 2, 3, 4, 5, 6, 7 - Extremely traumatic",
was teased by a grandfather,Stimulus item (Set 3),"1 - Not at all traumatic, 2, 3, 4, 5, 6, 7 - Extremely traumatic",
ran on the treadmill,Stimulus item (Set 3),"1 - Not at all traumatic, 2, 3, 4, 5, 6, 7 - Extremely traumatic",
rode on a jet ski,Stimulus item (Set 3),"1 - Not at all traumatic, 2, 3, 4, 5, 6, 7 - Extremely traumatic",
was told he/she was stupid by a parent,Stimulus item (Set 3),"1 - Not at all traumatic, 2, 3, 4, 5, 6, 7 - Extremely traumatic",
witnessed domestic violence that ended in a broken arm,Stimulus item (Set 3),"1 - Not at all traumatic, 2, 3, 4, 5, 6, 7 - Extremely traumatic",
talked with an old friend on the phone,Stimulus item (Set 3),"1 - Not at all traumatic, 2, 3, 4, 5, 6, 7 - Extremely traumatic",
developed a rash from using chemicals while cleaning,Stimulus item (Set 3),"1 - Not at all traumatic, 2, 3, 4, 5, 6, 7 - Extremely traumatic",
watched a video of a man being hanged,Stimulus item (Set 3),"1 - Not at all traumatic, 2, 3, 4, 5, 6, 7 - Extremely traumatic",
swam laps at a local pool,Stimulus item (Set 3),"1 - Not at all traumatic, 2, 3, 4, 5, 6, 7 - Extremely traumatic",
witnessed a non-fatal car accident,Stimulus item (Set 3),"1 - Not at all traumatic, 2, 3, 4, 5, 6, 7 - Extremely traumatic",
perpetrated a rape,Stimulus item (Set 3),"1 - Not at all traumatic, 2, 3, 4, 5, 6, 7 - Extremely traumatic",
used a public bathroom,Stimulus item (Set 3),"1 - Not at all traumatic, 2, 3, 4, 5, 6, 7 - Extremely traumatic",
was molested by a family member,Stimulus item (Set 3),"1 - Not at all traumatic, 2, 3, 4, 5, 6, 7 - Extremely traumatic",
was slandered in a local newspaper,Stimulus item (Set 3),"1 - Not at all traumatic, 2, 3, 4, 5, 6, 7 - Extremely traumatic",
was forced at knifepoint to commit sexual acts,Stimulus item (Set 3),"1 - Not at all traumatic, 2, 3, 4, 5, 6, 7 - Extremely traumatic",
learned that he/she was infertile and would never have children,Stimulus item (Set 3),"1 - Not at all traumatic, 2, 3, 4, 5, 6, 7 - Extremely traumatic",
had a heart attack,Stimulus item (Set 3),"1 - Not at all traumatic, 2, 3, 4, 5, 6, 7 - Extremely traumatic",
attended a child's sports game,Stimulus item (Set 3),"1 - Not at all traumatic, 2, 3, 4, 5, 6, 7 - Extremely traumatic",
"was left by a romantic partner, who then paired up with a former friend",Stimulus item (Set 3),"1 - Not at all traumatic, 2, 3, 4, 5, 6, 7 - Extremely traumatic",
was lacerated in the stomach in a workplace accident,Stimulus item (Set 3),"1 - Not at all traumatic, 2, 3, 4, 5, 6, 7 - Extremely traumatic",
was burned in a major fire,Stimulus item (Set 3),"1 - Not at all traumatic, 2, 3, 4, 5, 6, 7 - Extremely traumatic",
had a child kidnapped,Stimulus item (Set 3),"1 - Not at all traumatic, 2, 3, 4, 5, 6, 7 - Extremely traumatic",
attended an aerobics class,Stimulus item (Set 3),"1 - Not at all traumatic, 2, 3, 4, 5, 6, 7 - Extremely traumatic",
applied sunscreen,Stimulus item (Set 3),"1 - Not at all traumatic, 2, 3, 4, 5, 6, 7 - Extremely traumatic",
was called a racial slur by a friend,Stimulus item (Set 3),"1 - Not at all traumatic, 2, 3, 4, 5, 6, 7 - Extremely traumatic",
painted a landscape on canvas,Stimulus item (Set 3),"1 - Not at all traumatic, 2, 3, 4, 5, 6, 7 - Extremely traumatic",
brushed teeth and flossed,Stimulus item (Set 3),"1 - Not at all traumatic, 2, 3, 4, 5, 6, 7 - Extremely traumatic",
was forcibly arrested,Stimulus item (Set 3),"1 - Not at all traumatic, 2, 3, 4, 5, 6, 7 - Extremely traumatic",
was sick with the common cold,Stimulus item (Set 3),"1 - Not at all traumatic, 2, 3, 4, 5, 6, 7 - Extremely traumatic",
accidentally injured a child while drunk,Stimulus item (Set 3),"1 - Not at all traumatic, 2, 3, 4, 5, 6, 7 - Extremely traumatic",
was knocked unconscious while boxing,Stimulus item (Set 3),"1 - Not at all traumatic, 2, 3, 4, 5, 6, 7 - Extremely traumatic",
had a miscarriage during the second trimester,Stimulus item (Set 3),"1 - Not at all traumatic, 2, 3, 4, 5, 6, 7 - Extremely traumatic",
witnessed a stranger being hit by a car and killed,Stimulus item (Set 3),"1 - Not at all traumatic, 2, 3, 4, 5, 6, 7 - Extremely traumatic",
attended a political rally,Stimulus item (Set 3),"1 - Not at all traumatic, 2, 3, 4, 5, 6, 7 - Extremely traumatic",
witnessed a family member being raped,Stimulus item (Set 3),"1 - Not at all traumatic, 2, 3, 4, 5, 6, 7 - Extremely traumatic",
washed the dishes,Stimulus item (Set 3),"1 - Not at all traumatic, 2, 3, 4, 5, 6, 7 - Extremely traumatic",
"as a nurse, witnessed a patient die",Stimulus item (Set 3),"1 - Not at all traumatic, 2, 3, 4, 5, 6, 7 - Extremely traumatic",
was forced to commit sexual acts on camera,Stimulus item (Set 3),"1 - Not at all traumatic, 2, 3, 4, 5, 6, 7 - Extremely traumatic",
twisted an ankle while walking,Stimulus item (Set 3),"1 - Not at all traumatic, 2, 3, 4, 5, 6, 7 - Extremely traumatic",
witnessed a stranger die from cancer,Stimulus item (Set 3),"1 - Not at all traumatic, 2, 3, 4, 5, 6, 7 - Extremely traumatic",
witnessed a child being killed in an IED explosion,Stimulus item (Set 3),"1 - Not at all traumatic, 2, 3, 4, 5, 6, 7 - Extremely traumatic",
ate an apple,Stimulus item (Set 3),"1 - Not at all traumatic, 2, 3, 4, 5, 6, 7 - Extremely traumatic",
witnessed a mother die from cancer,Stimulus item (Set 3),"1 - Not at all traumatic, 2, 3, 4, 5, 6, 7 - Extremely traumatic",
was hit with a baseball bat,Stimulus item (Set 3),"1 - Not at all traumatic, 2, 3, 4, 5, 6, 7 - Extremely traumatic",
took a long nap,Stimulus item (Set 3),"1 - Not at all traumatic, 2, 3, 4, 5, 6, 7 - Extremely traumatic",
learned about a daughter working as a prostitute,Stimulus item (Set 3),"1 - Not at all traumatic, 2, 3, 4, 5, 6, 7 - Extremely traumatic",
was paralyzed from the neck down due to a work-related accident,Stimulus item (Set 3),"1 - Not at all traumatic, 2, 3, 4, 5, 6, 7 - Extremely traumatic",
was burned in a kitchen fire,Stimulus item (Set 3),"1 - Not at all traumatic, 2, 3, 4, 5, 6, 7 - Extremely traumatic",
was slandered on national TV,Stimulus item (Set 3),"1 - Not at all traumatic, 2, 3, 4, 5, 6, 7 - Extremely traumatic",
rode a rollercoaster,Stimulus item (Set 3),"1 - Not at all traumatic, 2, 3, 4, 5, 6, 7 - Extremely traumatic",
slept late on a weekend,Stimulus item (Set 3),"1 - Not at all traumatic, 2, 3, 4, 5, 6, 7 - Extremely traumatic",
accidentally used a family member's toothbrush,Stimulus item (Set 3),"1 - Not at all traumatic, 2, 3, 4, 5, 6, 7 - Extremely traumatic",
overslept and arrived late for work,Stimulus item (Set 3),"1 - Not at all traumatic, 2, 3, 4, 5, 6, 7 - Extremely traumatic",
filled up a car at a gas station,Stimulus item (Set 3),"1 - Not at all traumatic, 2, 3, 4, 5, 6, 7 - Extremely traumatic",
became paralyzed below the neck while practicing martial arts,Stimulus item (Set 3),"1 - Not at all traumatic, 2, 3, 4, 5, 6, 7 - Extremely traumatic",
was publicly spanked by a teacher,Stimulus item (Set 3),"1 - Not at all traumatic, 2, 3, 4, 5, 6, 7 - Extremely traumatic",
read a textbook on sociology,Stimulus item (Set 3),"1 - Not at all traumatic, 2, 3, 4, 5, 6, 7 - Extremely traumatic",
took public transportation,Stimulus item (Set 3),"1 - Not at all traumatic, 2, 3, 4, 5, 6, 7 - Extremely traumatic",
was stung by a bee,Stimulus item (Set 3),"1 - Not at all traumatic, 2, 3, 4, 5, 6, 7 - Extremely traumatic",
gave birth to a stillborn child,Stimulus item (Set 3),"1 - Not at all traumatic, 2, 3, 4, 5, 6, 7 - Extremely traumatic",
played ping-pong,Stimulus item (Set 3),"1 - Not at all traumatic, 2, 3, 4, 5, 6, 7 - Extremely traumatic",
was sentenced to 20 years in prison,Stimulus item (Set 3),"1 - Not at all traumatic, 2, 3, 4, 5, 6, 7 - Extremely traumatic",
read an email from a coworker,Stimulus item (Set 3),"1 - Not at all traumatic, 2, 3, 4, 5, 6, 7 - Extremely traumatic",
hallucinated during a psychotic episode,Stimulus item (Set 3),"1 - Not at all traumatic, 2, 3, 4, 5, 6, 7 - Extremely traumatic",
was bullied on social media,Stimulus item (Set 3),"1 - Not at all traumatic, 2, 3, 4, 5, 6, 7 - Extremely traumatic",
used a public drinking fountain,Stimulus item (Set 3),"1 - Not at all traumatic, 2, 3, 4, 5, 6, 7 - Extremely traumatic",
watched a video of a man being punched,Stimulus item (Set 3),"1 - Not at all traumatic, 2, 3, 4, 5, 6, 7 - Extremely traumatic",
failed an exam,Stimulus item (Set 4),"1 - Not at all traumatic, 2, 3, 4, 5, 6, 7 - Extremely traumatic",
learned about a violent rape in a college course,Stimulus item (Set 4),"1 - Not at all traumatic, 2, 3, 4, 5, 6, 7 - Extremely traumatic",
met a new acquaintance at a party,Stimulus item (Set 4),"1 - Not at all traumatic, 2, 3, 4, 5, 6, 7 - Extremely traumatic",
swept the floor,Stimulus item (Set 4),"1 - Not at all traumatic, 2, 3, 4, 5, 6, 7 - Extremely traumatic",
learned about a stranger moving to another country,Stimulus item (Set 4),"1 - Not at all traumatic, 2, 3, 4, 5, 6, 7 - Extremely traumatic",
had their tongue cut out by a stranger,Stimulus item (Set 4),"1 - Not at all traumatic, 2, 3, 4, 5, 6, 7 - Extremely traumatic",
received a diagnosis of schizophrenia,Stimulus item (Set 4),"1 - Not at all traumatic, 2, 3, 4, 5, 6, 7 - Extremely traumatic",
attended trivia night at a bar,Stimulus item (Set 4),"1 - Not at all traumatic, 2, 3, 4, 5, 6, 7 - Extremely traumatic",
was slapped in the face by a romantic partner,Stimulus item (Set 4),"1 - Not at all traumatic, 2, 3, 4, 5, 6, 7 - Extremely traumatic",
climbed a tree,Stimulus item (Set 4),"1 - Not at all traumatic, 2, 3, 4, 5, 6, 7 - Extremely traumatic",
tied shoelaces,Stimulus item (Set 4),"1 - Not at all traumatic, 2, 3, 4, 5, 6, 7 - Extremely traumatic",
witnessed a daughter die in a vehicle accident,Stimulus item (Set 4),"1 - Not at all traumatic, 2, 3, 4, 5, 6, 7 - Extremely traumatic",
was touched in the crotch by a coworker without permission,Stimulus item (Set 4),"1 - Not at all traumatic, 2, 3, 4, 5, 6, 7 - Extremely traumatic",
nearly drowned while playing water polo,Stimulus item (Set 4),"1 - Not at all traumatic, 2, 3, 4, 5, 6, 7 - Extremely traumatic",
watched a video about car repair online,Stimulus item (Set 4),"1 - Not at all traumatic, 2, 3, 4, 5, 6, 7 - Extremely traumatic",
had an emergency leg amputation without anesthesia,Stimulus item (Set 4),"1 - Not at all traumatic, 2, 3, 4, 5, 6, 7 - Extremely traumatic",
witnessed a corpse after being hanged,Stimulus item (Set 4),"1 - Not at all traumatic, 2, 3, 4, 5, 6, 7 - Extremely traumatic",
was kidnapped and held hostage,Stimulus item (Set 4),"1 - Not at all traumatic, 2, 3, 4, 5, 6, 7 - Extremely traumatic",
gained 15 pounds,Stimulus item (Set 4),"1 - Not at all traumatic, 2, 3, 4, 5, 6, 7 - Extremely traumatic",
was forced to practice an instrument for several hours each day,Stimulus item (Set 4),"1 - Not at all traumatic, 2, 3, 4, 5, 6, 7 - Extremely traumatic",
lost a leg unexpectedly while sedated in surgery,Stimulus item (Set 4),"1 - Not at all traumatic, 2, 3, 4, 5, 6, 7 - Extremely traumatic",
was called a racial slur,Stimulus item (Set 4),"1 - Not at all traumatic, 2, 3, 4, 5, 6, 7 - Extremely traumatic",
was licked in the face by a dog,Stimulus item (Set 4),"1 - Not at all traumatic, 2, 3, 4, 5, 6, 7 - Extremely traumatic",
lost a child during an earthquake,Stimulus item (Set 4),"1 - Not at all traumatic, 2, 3, 4, 5, 6, 7 - Extremely traumatic",
watched a video of a child being shot and killed,Stimulus item (Set 4),"1 - Not at all traumatic, 2, 3, 4, 5, 6, 7 - Extremely traumatic",
studied for a quiz,Stimulus item (Set 4),"1 - Not at all traumatic, 2, 3, 4, 5, 6, 7 - Extremely traumatic",
talked with a therapist,Stimulus item (Set 4),"1 - Not at all traumatic, 2, 3, 4, 5, 6, 7 - Extremely traumatic",
witnessed a cow killed by a farmer,Stimulus item (Set 4),"1 - Not at all traumatic, 2, 3, 4, 5, 6, 7 - Extremely traumatic",
witnessed a child die by suicide,Stimulus item (Set 4),"1 - Not at all traumatic, 2, 3, 4, 5, 6, 7 - Extremely traumatic",
went to an orthodontist appointment,Stimulus item (Set 4),"1 - Not at all traumatic, 2, 3, 4, 5, 6, 7 - Extremely traumatic",
broke an arm falling down,Stimulus item (Set 4),"1 - Not at all traumatic, 2, 3, 4, 5, 6, 7 - Extremely traumatic",
talked on the phone with a mother,Stimulus item (Set 4),"1 - Not at all traumatic, 2, 3, 4, 5, 6, 7 - Extremely traumatic",
found a stranger's hair in soup,Stimulus item (Set 4),"1 - Not at all traumatic, 2, 3, 4, 5, 6, 7 - Extremely traumatic",
participated in an online research study,Stimulus item (Set 4),"1 - Not at all traumatic, 2, 3, 4, 5, 6, 7 - Extremely traumatic",
went to a routine checkup at the doctor,Stimulus item (Set 4),"1 - Not at all traumatic, 2, 3, 4, 5, 6, 7 - Extremely traumatic",
was caught in a storm in a commercial flight,Stimulus item (Set 4),"1 - Not at all traumatic, 2, 3, 4, 5, 6, 7 - Extremely traumatic",
performed with a church choir,Stimulus item (Set 4),"1 - Not at all traumatic, 2, 3, 4, 5, 6, 7 - Extremely traumatic",
drank a glass of water,Stimulus item (Set 4),"1 - Not at all traumatic, 2, 3, 4, 5, 6, 7 - Extremely traumatic",
was kicked by a horse and broke a rib,Stimulus item (Set 4),"1 - Not at all traumatic, 2, 3, 4, 5, 6, 7 - Extremely traumatic",
had a bad haircut,Stimulus item (Set 4),"1 - Not at all traumatic, 2, 3, 4, 5, 6, 7 - Extremely traumatic",
was raped by a family member,Stimulus item (Set 4),"1 - Not at all traumatic, 2, 3, 4, 5, 6, 7 - Extremely traumatic",
listened to a radio station,Stimulus item (Set 4),"1 - Not at all traumatic, 2, 3, 4, 5, 6, 7 - Extremely traumatic",
assembled a new piece of furniture,Stimulus item (Set 4),"1 - Not at all traumatic, 2, 3, 4, 5, 6, 7 - Extremely traumatic",
went bungee jumping,Stimulus item (Set 4),"1 - Not at all traumatic, 2, 3, 4, 5, 6, 7 - Extremely traumatic",
was disowned by a father,Stimulus item (Set 4),"1 - Not at all traumatic, 2, 3, 4, 5, 6, 7 - Extremely traumatic",
received a diagnosis of HIV/AIDs,Stimulus item (Set 4),"1 - Not at all traumatic, 2, 3, 4, 5, 6, 7 - Extremely traumatic",
had a blister on a foot,Stimulus item (Set 4),"1 - Not at all traumatic, 2, 3, 4, 5, 6, 7 - Extremely traumatic",
chopped wood using a hatchet,Stimulus item (Set 4),"1 - Not at all traumatic, 2, 3, 4, 5, 6, 7 - Extremely traumatic",
accidentally deleted an important computer file,Stimulus item (Set 4),"1 - Not at all traumatic, 2, 3, 4, 5, 6, 7 - Extremely traumatic",
broke a vertebrae while practicing martial arts,Stimulus item (Set 4),"1 - Not at all traumatic, 2, 3, 4, 5, 6, 7 - Extremely traumatic",
took a bus ride into the city,Stimulus item (Set 4),"1 - Not at all traumatic, 2, 3, 4, 5, 6, 7 - Extremely traumatic",
went out for ice cream,Stimulus item (Set 4),"1 - Not at all traumatic, 2, 3, 4, 5, 6, 7 - Extremely traumatic",
bumped into a stranger while walking,Stimulus item (Set 4),"1 - Not at all traumatic, 2, 3, 4, 5, 6, 7 - Extremely traumatic",
saw a shark at the aquarium,Stimulus item (Set 4),"1 - Not at all traumatic, 2, 3, 4, 5, 6, 7 - Extremely traumatic",
learned about the molestation of a child in a college course,Stimulus item (Set 4),"1 - Not at all traumatic, 2, 3, 4, 5, 6, 7 - Extremely traumatic",
was attacked by a moose,Stimulus item (Set 4),"1 - Not at all traumatic, 2, 3, 4, 5, 6, 7 - Extremely traumatic",
witnessed a family member being hit by a car and killed,Stimulus item (Set 4),"1 - Not at all traumatic, 2, 3, 4, 5, 6, 7 - Extremely traumatic",
planted a tree,Stimulus item (Set 4),"1 - Not at all traumatic, 2, 3, 4, 5, 6, 7 - Extremely traumatic",
was injured in an IED explosion,Stimulus item (Set 4),"1 - Not at all traumatic, 2, 3, 4, 5, 6, 7 - Extremely traumatic",
smelled a trash can,Stimulus item (Set 4),"1 - Not at all traumatic, 2, 3, 4, 5, 6, 7 - Extremely traumatic",
vomited on an airplane,Stimulus item (Set 4),"1 - Not at all traumatic, 2, 3, 4, 5, 6, 7 - Extremely traumatic",
tripped and fell without injury,Stimulus item (Set 4),"1 - Not at all traumatic, 2, 3, 4, 5, 6, 7 - Extremely traumatic",
bumped a shoulder against a doorway,Stimulus item (Set 4),"1 - Not at all traumatic, 2, 3, 4, 5, 6, 7 - Extremely traumatic",
witnessed a corpse that had died by gunshot,Stimulus item (Set 4),"1 - Not at all traumatic, 2, 3, 4, 5, 6, 7 - Extremely traumatic",
played a board game with friends,Stimulus item (Set 4),"1 - Not at all traumatic, 2, 3, 4, 5, 6, 7 - Extremely traumatic",
was yelled at by a political protest,Stimulus item (Set 4),"1 - Not at all traumatic, 2, 3, 4, 5, 6, 7 - Extremely traumatic",
had face painted at a county fair,Stimulus item (Set 4),"1 - Not at all traumatic, 2, 3, 4, 5, 6, 7 - Extremely traumatic",
"as a nurse, witnessed an infant die in childbirth",Stimulus item (Set 4),"1 - Not at all traumatic, 2, 3, 4, 5, 6, 7 - Extremely traumatic",
"made an error as a doctor, resulting in a patient's death",Stimulus item (Set 4),"1 - Not at all traumatic, 2, 3, 4, 5, 6, 7 - Extremely traumatic",
read a fashion magazine,Stimulus item (Set 4),"1 - Not at all traumatic, 2, 3, 4, 5, 6, 7 - Extremely traumatic",
was asked by a doctor to report sexual activity,Stimulus item (Set 4),"1 - Not at all traumatic, 2, 3, 4, 5, 6, 7 - Extremely traumatic",
was drafted in a war he/she did not believe in,Stimulus item (Set 4),"1 - Not at all traumatic, 2, 3, 4, 5, 6, 7 - Extremely traumatic",
failed out of medical school,Stimulus item (Set 4),"1 - Not at all traumatic, 2, 3, 4, 5, 6, 7 - Extremely traumatic",
changed the oil in a car,Stimulus item (Set 4),"1 - Not at all traumatic, 2, 3, 4, 5, 6, 7 - Extremely traumatic",
had a glass of wine,Stimulus item (Set 4),"1 - Not at all traumatic, 2, 3, 4, 5, 6, 7 - Extremely traumatic",
started a campfire,Stimulus item (Set 4),"1 - Not at all traumatic, 2, 3, 4, 5, 6, 7 - Extremely traumatic",
witnessed a child choke on a piece of plastic,Stimulus item (Set 4),"1 - Not at all traumatic, 2, 3, 4, 5, 6, 7 - Extremely traumatic",
lost several toes due to frostbite,Stimulus item (Set 4),"1 - Not at all traumatic, 2, 3, 4, 5, 6, 7 - Extremely traumatic",
opened the curtains in the living room,Stimulus item (Set 4),"1 - Not at all traumatic, 2, 3, 4, 5, 6, 7 - Extremely traumatic",
completely lost vision after a workplace chemical accident,Stimulus item (Set 4),"1 - Not at all traumatic, 2, 3, 4, 5, 6, 7 - Extremely traumatic",
fell unconscious due to diabetic complications,Stimulus item (Set 4),"1 - Not at all traumatic, 2, 3, 4, 5, 6, 7 - Extremely traumatic",
watched a video of a football injury,Stimulus item (Set 4),"1 - Not at all traumatic, 2, 3, 4, 5, 6, 7 - Extremely traumatic",
was told he/she was worthless by a parent,Stimulus item (Set 4),"1 - Not at all traumatic, 2, 3, 4, 5, 6, 7 - Extremely traumatic",
went into a haunted house,Stimulus item (Set 4),"1 - Not at all traumatic, 2, 3, 4, 5, 6, 7 - Extremely traumatic",
learned about ritualistic child sexual abuse and murder,Stimulus item (Set 4),"1 - Not at all traumatic, 2, 3, 4, 5, 6, 7 - Extremely traumatic",
accidentally killed an innocent during warfare,Stimulus item (Set 4),"1 - Not at all traumatic, 2, 3, 4, 5, 6, 7 - Extremely traumatic",
was molested by a father,Stimulus item (Set 4),"1 - Not at all traumatic, 2, 3, 4, 5, 6, 7 - Extremely traumatic",
read newspaper coverage of a terrorist attack,Stimulus item (Set 4),"1 - Not at all traumatic, 2, 3, 4, 5, 6, 7 - Extremely traumatic",
walked down a set of steep stairs,Stimulus item (Set 4),"1 - Not at all traumatic, 2, 3, 4, 5, 6, 7 - Extremely traumatic",
moved across the country,Stimulus item (Set 4),"1 - Not at all traumatic, 2, 3, 4, 5, 6, 7 - Extremely traumatic",
tried a new food and found it disgusting,Stimulus item (Set 4),"1 - Not at all traumatic, 2, 3, 4, 5, 6, 7 - Extremely traumatic",
nearly suffocated due to an asthma attack,Stimulus item (Set 4),"1 - Not at all traumatic, 2, 3, 4, 5, 6, 7 - Extremely traumatic",
hitchhiked to a different city,Stimulus item (Set 4),"1 - Not at all traumatic, 2, 3, 4, 5, 6, 7 - Extremely traumatic",
watched a video of a man being killed by a bear,Stimulus item (Set 4),"1 - Not at all traumatic, 2, 3, 4, 5, 6, 7 - Extremely traumatic",
was choked by a stranger,Stimulus item (Set 4),"1 - Not at all traumatic, 2, 3, 4, 5, 6, 7 - Extremely traumatic",
witnessed a man listening to music,Stimulus item (Set 4),"1 - Not at all traumatic, 2, 3, 4, 5, 6, 7 - Extremely traumatic",
debated with a friend about politics,Stimulus item (Set 4),"1 - Not at all traumatic, 2, 3, 4, 5, 6, 7 - Extremely traumatic",
witnessed a cat being hit by a car and killed,Stimulus item (Set 4),"1 - Not at all traumatic, 2, 3, 4, 5, 6, 7 - Extremely traumatic",
had an abortion after being pressured by a partner,Stimulus item (Set 5),"1 - Not at all traumatic, 2, 3, 4, 5, 6, 7 - Extremely traumatic",
had an abortion after being pressured by family,Stimulus item (Set 5),"1 - Not at all traumatic, 2, 3, 4, 5, 6, 7 - Extremely traumatic",
accidentally used a family member's towel,Stimulus item (Set 5),"1 - Not at all traumatic, 2, 3, 4, 5, 6, 7 - Extremely traumatic",
was electrocuted by a power cable in a workplace accident,Stimulus item (Set 5),"1 - Not at all traumatic, 2, 3, 4, 5, 6, 7 - Extremely traumatic",
watched a video of a man breaking his spine,Stimulus item (Set 5),"1 - Not at all traumatic, 2, 3, 4, 5, 6, 7 - Extremely traumatic",
was evacuated during a tsunami,Stimulus item (Set 5),"1 - Not at all traumatic, 2, 3, 4, 5, 6, 7 - Extremely traumatic",
was beaten by police following a nonviolent crime,Stimulus item (Set 5),"1 - Not at all traumatic, 2, 3, 4, 5, 6, 7 - Extremely traumatic",
rode a zipline while on a vacation,Stimulus item (Set 5),"1 - Not at all traumatic, 2, 3, 4, 5, 6, 7 - Extremely traumatic",
played a horror video game,Stimulus item (Set 5),"1 - Not at all traumatic, 2, 3, 4, 5, 6, 7 - Extremely traumatic",
"made an error as a surgeon, resulting in a patient's death",Stimulus item (Set 5),"1 - Not at all traumatic, 2, 3, 4, 5, 6, 7 - Extremely traumatic",
lost all life savings due to fraud,Stimulus item (Set 5),"1 - Not at all traumatic, 2, 3, 4, 5, 6, 7 - Extremely traumatic",
wrote a 3-page essay,Stimulus item (Set 5),"1 - Not at all traumatic, 2, 3, 4, 5, 6, 7 - Extremely traumatic",
witnessed a romantic partner being forcibly arrested,Stimulus item (Set 5),"1 - Not at all traumatic, 2, 3, 4, 5, 6, 7 - Extremely traumatic",
used a payphone to contact a family member,Stimulus item (Set 5),"1 - Not at all traumatic, 2, 3, 4, 5, 6, 7 - Extremely traumatic",
learned about a friend going to the store,Stimulus item (Set 5),"1 - Not at all traumatic, 2, 3, 4, 5, 6, 7 - Extremely traumatic",
went to a rock concert,Stimulus item (Set 5),"1 - Not at all traumatic, 2, 3, 4, 5, 6, 7 - Extremely traumatic",
family cat ran away,Stimulus item (Set 5),"1 - Not at all traumatic, 2, 3, 4, 5, 6, 7 - Extremely traumatic",
had ears pierced,Stimulus item (Set 5),"1 - Not at all traumatic, 2, 3, 4, 5, 6, 7 - Extremely traumatic",
watched a heated political debate,Stimulus item (Set 5),"1 - Not at all traumatic, 2, 3, 4, 5, 6, 7 - Extremely traumatic",
"as a doctor, witnessed a patient die",Stimulus item (Set 5),"1 - Not at all traumatic, 2, 3, 4, 5, 6, 7 - Extremely traumatic",
had a painful tooth cavity,Stimulus item (Set 5),"1 - Not at all traumatic, 2, 3, 4, 5, 6, 7 - Extremely traumatic",
played a video game,Stimulus item (Set 5),"1 - Not at all traumatic, 2, 3, 4, 5, 6, 7 - Extremely traumatic",
was injured in a motorcycle accident,Stimulus item (Set 5),"1 - Not at all traumatic, 2, 3, 4, 5, 6, 7 - Extremely traumatic",
was embarrassed by own behavior while drunk,Stimulus item (Set 5),"1 - Not at all traumatic, 2, 3, 4, 5, 6, 7 - Extremely traumatic",
listened to an audio tape of a stranger being raped,Stimulus item (Set 5),"1 - Not at all traumatic, 2, 3, 4, 5, 6, 7 - Extremely traumatic",
was weighed at the doctor's office,Stimulus item (Set 5),"1 - Not at all traumatic, 2, 3, 4, 5, 6, 7 - Extremely traumatic",
ran out of gas while driving on the highway,Stimulus item (Set 5),"1 - Not at all traumatic, 2, 3, 4, 5, 6, 7 - Extremely traumatic",
lost a family member in an earthquake,Stimulus item (Set 5),"1 - Not at all traumatic, 2, 3, 4, 5, 6, 7 - Extremely traumatic",
received a diagnosis of Alzheimer's disease,Stimulus item (Set 5),"1 - Not at all traumatic, 2, 3, 4, 5, 6, 7 - Extremely traumatic",
read a book in which an adult was injured in an explosion,Stimulus item (Set 5),"1 - Not at all traumatic, 2, 3, 4, 5, 6, 7 - Extremely traumatic",
testified against a family member in a criminal trial,Stimulus item (Set 5),"1 - Not at all traumatic, 2, 3, 4, 5, 6, 7 - Extremely traumatic",
had a pedicure,Stimulus item (Set 5),"1 - Not at all traumatic, 2, 3, 4, 5, 6, 7 - Extremely traumatic",
learned about a family member being killed in a terrorist attack,Stimulus item (Set 5),"1 - Not at all traumatic, 2, 3, 4, 5, 6, 7 - Extremely traumatic",
walked across a narrow walkway in a ropes course,Stimulus item (Set 5),"1 - Not at all traumatic, 2, 3, 4, 5, 6, 7 - Extremely traumatic",
looked at an old family photo album,Stimulus item (Set 5),"1 - Not at all traumatic, 2, 3, 4, 5, 6, 7 - Extremely traumatic",
contracted athlete's foot,Stimulus item (Set 5),"1 - Not at all traumatic, 2, 3, 4, 5, 6, 7 - Extremely traumatic",
was kept for a month in solitary confinement,Stimulus item (Set 5),"1 - Not at all traumatic, 2, 3, 4, 5, 6, 7 - Extremely traumatic",
went to a chiropractor appointment,Stimulus item (Set 5),"1 - Not at all traumatic, 2, 3, 4, 5, 6, 7 - Extremely traumatic",
witnessed a family member die by heart attack,Stimulus item (Set 5),"1 - Not at all traumatic, 2, 3, 4, 5, 6, 7 - Extremely traumatic",
was told he/she was stupid by a teacher,Stimulus item (Set 5),"1 - Not at all traumatic, 2, 3, 4, 5, 6, 7 - Extremely traumatic",
was robbed while sleeping,Stimulus item (Set 5),"1 - Not at all traumatic, 2, 3, 4, 5, 6, 7 - Extremely traumatic",
was sick with the flu,Stimulus item (Set 5),"1 - Not at all traumatic, 2, 3, 4, 5, 6, 7 - Extremely traumatic",
"as a doctor, witnessed an infant die in childbirth",Stimulus item (Set 5),"1 - Not at all traumatic, 2, 3, 4, 5, 6, 7 - Extremely traumatic",
lost internet connection during an important video call,Stimulus item (Set 5),"1 - Not at all traumatic, 2, 3, 4, 5, 6, 7 - Extremely traumatic",
discovered a raccoon in a backyard,Stimulus item (Set 5),"1 - Not at all traumatic, 2, 3, 4, 5, 6, 7 - Extremely traumatic",
was verbally threatened with rape,Stimulus item (Set 5),"1 - Not at all traumatic, 2, 3, 4, 5, 6, 7 - Extremely traumatic",
debated with a family member about politics,Stimulus item (Set 5),"1 - Not at all traumatic, 2, 3, 4, 5, 6, 7 - Extremely traumatic",
went to a dentist appointment,Stimulus item (Set 5),"1 - Not at all traumatic, 2, 3, 4, 5, 6, 7 - Extremely traumatic",
had a miscarriage during the first trimester,Stimulus item (Set 5),"1 - Not at all traumatic, 2, 3, 4, 5, 6, 7 - Extremely traumatic",
witnessed a stranger being shot and killed,Stimulus item (Set 5),"1 - Not at all traumatic, 2, 3, 4, 5, 6, 7 - Extremely traumatic",
was spat on by a stranger,Stimulus item (Set 5),"1 - Not at all traumatic, 2, 3, 4, 5, 6, 7 - Extremely traumatic",
witnessed a friend being teased at school,Stimulus item (Set 5),"1 - Not at all traumatic, 2, 3, 4, 5, 6, 7 - Extremely traumatic",
attended an academic lecture he/she disagreed with,Stimulus item (Set 5),"1 - Not at all traumatic, 2, 3, 4, 5, 6, 7 - Extremely traumatic",
walked up a hill,Stimulus item (Set 5),"1 - Not at all traumatic, 2, 3, 4, 5, 6, 7 - Extremely traumatic",
broke a leg in a bicycle accident,Stimulus item (Set 5),"1 - Not at all traumatic, 2, 3, 4, 5, 6, 7 - Extremely traumatic",
was attacked by a bear,Stimulus item (Set 5),"1 - Not at all traumatic, 2, 3, 4, 5, 6, 7 - Extremely traumatic",
watched a pornographic film,Stimulus item (Set 5),"1 - Not at all traumatic, 2, 3, 4, 5, 6, 7 - Extremely traumatic",
took a bike ride,Stimulus item (Set 5),"1 - Not at all traumatic, 2, 3, 4, 5, 6, 7 - Extremely traumatic",
attempted suicide by poisoning but survived,Stimulus item (Set 5),"1 - Not at all traumatic, 2, 3, 4, 5, 6, 7 - Extremely traumatic",
was punched in the arm by a friend,Stimulus item (Set 5),"1 - Not at all traumatic, 2, 3, 4, 5, 6, 7 - Extremely traumatic",
was caught in a riptide and nearly drowned,Stimulus item (Set 5),"1 - Not at all traumatic, 2, 3, 4, 5, 6, 7 - Extremely traumatic",
fell off of a slackline without injury,Stimulus item (Set 5),"1 - Not at all traumatic, 2, 3, 4, 5, 6, 7 - Extremely traumatic",
witnessed a dog being hit by a car and killed,Stimulus item (Set 5),"1 - Not at all traumatic, 2, 3, 4, 5, 6, 7 - Extremely traumatic",
lost control of his/her bladder in a public place,Stimulus item (Set 5),"1 - Not at all traumatic, 2, 3, 4, 5, 6, 7 - Extremely traumatic",
sat on the beach,Stimulus item (Set 5),"1 - Not at all traumatic, 2, 3, 4, 5, 6, 7 - Extremely traumatic",
witnessed a stranger die by jumping off of a bridge,Stimulus item (Set 5),"1 - Not at all traumatic, 2, 3, 4, 5, 6, 7 - Extremely traumatic",
broke a vertebrae by falling while rock-climbing,Stimulus item (Set 5),"1 - Not at all traumatic, 2, 3, 4, 5, 6, 7 - Extremely traumatic",
shot and killed an enemy during warfare,Stimulus item (Set 5),"1 - Not at all traumatic, 2, 3, 4, 5, 6, 7 - Extremely traumatic",
was fired from a job,Stimulus item (Set 5),"1 - Not at all traumatic, 2, 3, 4, 5, 6, 7 - Extremely traumatic",
lost a home in an earthquake,Stimulus item (Set 5),"1 - Not at all traumatic, 2, 3, 4, 5, 6, 7 - Extremely traumatic",
lost a favorite pen,Stimulus item (Set 5),"1 - Not at all traumatic, 2, 3, 4, 5, 6, 7 - Extremely traumatic",
bought an item from a pawn shop,Stimulus item (Set 5),"1 - Not at all traumatic, 2, 3, 4, 5, 6, 7 - Extremely traumatic",
visited a tourist location in another country,Stimulus item (Set 5),"1 - Not at all traumatic, 2, 3, 4, 5, 6, 7 - Extremely traumatic",
was stabbed while working as a police officer,Stimulus item (Set 5),"1 - Not at all traumatic, 2, 3, 4, 5, 6, 7 - Extremely traumatic",
had a face disfigured in a fire,Stimulus item (Set 5),"1 - Not at all traumatic, 2, 3, 4, 5, 6, 7 - Extremely traumatic",
was stabbed by a family member,Stimulus item (Set 5),"1 - Not at all traumatic, 2, 3, 4, 5, 6, 7 - Extremely traumatic",
watched a movie in which an individual was stabbed and killed,Stimulus item (Set 5),"1 - Not at all traumatic, 2, 3, 4, 5, 6, 7 - Extremely traumatic",
lost data from a hard drive,Stimulus item (Set 5),"1 - Not at all traumatic, 2, 3, 4, 5, 6, 7 - Extremely traumatic",
learned about a friend being killed in a terrorist attack,Stimulus item (Set 5),"1 - Not at all traumatic, 2, 3, 4, 5, 6, 7 - Extremely traumatic",
was ignored by a stranger,Stimulus item (Set 5),"1 - Not at all traumatic, 2, 3, 4, 5, 6, 7 - Extremely traumatic",
witnessed a mother develop Alzheimer's disease,Stimulus item (Set 5),"1 - Not at all traumatic, 2, 3, 4, 5, 6, 7 - Extremely traumatic",
lost consciousness due to blood loss in a complicated childbirth delivery,Stimulus item (Set 5),"1 - Not at all traumatic, 2, 3, 4, 5, 6, 7 - Extremely traumatic",
watched a game of baseball on TV,Stimulus item (Set 5),"1 - Not at all traumatic, 2, 3, 4, 5, 6, 7 - Extremely traumatic",
learned about the murder of a family member,Stimulus item (Set 5),"1 - Not at all traumatic, 2, 3, 4, 5, 6, 7 - Extremely traumatic",
was falsely accused of abusing a daughter,Stimulus item (Set 5),"1 - Not at all traumatic, 2, 3, 4, 5, 6, 7 - Extremely traumatic",
was touched on the buttocks by a friend without permission,Stimulus item (Set 5),"1 - Not at all traumatic, 2, 3, 4, 5, 6, 7 - Extremely traumatic",
became trapped in a cave,Stimulus item (Set 5),"1 - Not at all traumatic, 2, 3, 4, 5, 6, 7 - Extremely traumatic",
went skydiving,Stimulus item (Set 5),"1 - Not at all traumatic, 2, 3, 4, 5, 6, 7 - Extremely traumatic",
broke an arm playing football,Stimulus item (Set 5),"1 - Not at all traumatic, 2, 3, 4, 5, 6, 7 - Extremely traumatic",
was verbally harassed by a religious leader,Stimulus item (Set 5),"1 - Not at all traumatic, 2, 3, 4, 5, 6, 7 - Extremely traumatic",
family dog ran away,Stimulus item (Set 5),"1 - Not at all traumatic, 2, 3, 4, 5, 6, 7 - Extremely traumatic",
attended a dancing class,Stimulus item (Set 5),"1 - Not at all traumatic, 2, 3, 4, 5, 6, 7 - Extremely traumatic",
watched a video of a man being beheaded,Stimulus item (Set 5),"1 - Not at all traumatic, 2, 3, 4, 5, 6, 7 - Extremely traumatic",
read a political article with his/her same opinion,Stimulus item (Set 5),"1 - Not at all traumatic, 2, 3, 4, 5, 6, 7 - Extremely traumatic",
was beaten until unconscious by a stranger,Stimulus item (Set 5),"1 - Not at all traumatic, 2, 3, 4, 5, 6, 7 - Extremely traumatic",
lost a foot due to diabetic complications,Stimulus item (Set 5),"1 - Not at all traumatic, 2, 3, 4, 5, 6, 7 - Extremely traumatic",
received a first tattoo,Stimulus item (Set 5),"1 - Not at all traumatic, 2, 3, 4, 5, 6, 7 - Extremely traumatic",
went skiing,Stimulus item (Set 5),"1 - Not at all traumatic, 2, 3, 4, 5, 6, 7 - Extremely traumatic",
cleaned trash off of the sidewalk,Stimulus item (Set 6),"1 - Not at all traumatic, 2, 3, 4, 5, 6, 7 - Extremely traumatic",
was startled by gunfire at a shooting range,Stimulus item (Set 6),"1 - Not at all traumatic, 2, 3, 4, 5, 6, 7 - Extremely traumatic",
witnessed a stranger urinating in public,Stimulus item (Set 6),"1 - Not at all traumatic, 2, 3, 4, 5, 6, 7 - Extremely traumatic",
witnessed a friend die in a car accident,Stimulus item (Set 6),"1 - Not at all traumatic, 2, 3, 4, 5, 6, 7 - Extremely traumatic",
was accused of rape on national TV,Stimulus item (Set 6),"1 - Not at all traumatic, 2, 3, 4, 5, 6, 7 - Extremely traumatic",
read newspaper coverage about genocide,Stimulus item (Set 6),"1 - Not at all traumatic, 2, 3, 4, 5, 6, 7 - Extremely traumatic",
attended a yoga class,Stimulus item (Set 6),"1 - Not at all traumatic, 2, 3, 4, 5, 6, 7 - Extremely traumatic",
was molested by a stranger,Stimulus item (Set 6),"1 - Not at all traumatic, 2, 3, 4, 5, 6, 7 - Extremely traumatic",
was arrested during a peaceful protest,Stimulus item (Set 6),"1 - Not at all traumatic, 2, 3, 4, 5, 6, 7 - Extremely traumatic",
was screamed at by a stranger,Stimulus item (Set 6),"1 - Not at all traumatic, 2, 3, 4, 5, 6, 7 - Extremely traumatic",
learned about a stranger being injured in an explosion,Stimulus item (Set 6),"1 - Not at all traumatic, 2, 3, 4, 5, 6, 7 - Extremely traumatic",
fixed a squeaky door,Stimulus item (Set 6),"1 - Not at all traumatic, 2, 3, 4, 5, 6, 7 - Extremely traumatic",
was publicly scolded by a teacher,Stimulus item (Set 6),"1 - Not at all traumatic, 2, 3, 4, 5, 6, 7 - Extremely traumatic",
was embarrassed by walking into the wrong bathroom,Stimulus item (Set 6),"1 - Not at all traumatic, 2, 3, 4, 5, 6, 7 - Extremely traumatic",
visited the slums of a developing country,Stimulus item (Set 6),"1 - Not at all traumatic, 2, 3, 4, 5, 6, 7 - Extremely traumatic",
attended a club meeting,Stimulus item (Set 6),"1 - Not at all traumatic, 2, 3, 4, 5, 6, 7 - Extremely traumatic",
was pushed by a stranger,Stimulus item (Set 6),"1 - Not at all traumatic, 2, 3, 4, 5, 6, 7 - Extremely traumatic",
played a virtual-reality horror video game,Stimulus item (Set 6),"1 - Not at all traumatic, 2, 3, 4, 5, 6, 7 - Extremely traumatic",
bought groceries,Stimulus item (Set 6),"1 - Not at all traumatic, 2, 3, 4, 5, 6, 7 - Extremely traumatic",
was grabbed by the throat by a stranger,Stimulus item (Set 6),"1 - Not at all traumatic, 2, 3, 4, 5, 6, 7 - Extremely traumatic",
watched a preview for an upcoming blockbuster,Stimulus item (Set 6),"1 - Not at all traumatic, 2, 3, 4, 5, 6, 7 - Extremely traumatic",
listened to Beethoven's 5th symphony,Stimulus item (Set 6),"1 - Not at all traumatic, 2, 3, 4, 5, 6, 7 - Extremely traumatic",
attended a picnic,Stimulus item (Set 6),"1 - Not at all traumatic, 2, 3, 4, 5, 6, 7 - Extremely traumatic",
sent an email to a coworker,Stimulus item (Set 6),"1 - Not at all traumatic, 2, 3, 4, 5, 6, 7 - Extremely traumatic",
saw a tarantula at the zoo,Stimulus item (Set 6),"1 - Not at all traumatic, 2, 3, 4, 5, 6, 7 - Extremely traumatic",
witnessed a son die in a bicycle accident,Stimulus item (Set 6),"1 - Not at all traumatic, 2, 3, 4, 5, 6, 7 - Extremely traumatic",
smelled a bin of agricultural compost,Stimulus item (Set 6),"1 - Not at all traumatic, 2, 3, 4, 5, 6, 7 - Extremely traumatic",
took a shower,Stimulus item (Set 6),"1 - Not at all traumatic, 2, 3, 4, 5, 6, 7 - Extremely traumatic",
was sent to prison,Stimulus item (Set 6),"1 - Not at all traumatic, 2, 3, 4, 5, 6, 7 - Extremely traumatic",
conversed with a friend via text message,Stimulus item (Set 6),"1 - Not at all traumatic, 2, 3, 4, 5, 6, 7 - Extremely traumatic",
broke an arm while practicing martial arts,Stimulus item (Set 6),"1 - Not at all traumatic, 2, 3, 4, 5, 6, 7 - Extremely traumatic",
became trapped while crawling through a tunnel,Stimulus item (Set 6),"1 - Not at all traumatic, 2, 3, 4, 5, 6, 7 - Extremely traumatic",
was punched by a friend,Stimulus item (Set 6),"1 - Not at all traumatic, 2, 3, 4, 5, 6, 7 - Extremely traumatic",
was forced to eat an insect,Stimulus item (Set 6),"1 - Not at all traumatic, 2, 3, 4, 5, 6, 7 - Extremely traumatic",
had a cavity filled at the dentist's office,Stimulus item (Set 6),"1 - Not at all traumatic, 2, 3, 4, 5, 6, 7 - Extremely traumatic",
accidentally shot and killed a friend at a shooting range,Stimulus item (Set 6),"1 - Not at all traumatic, 2, 3, 4, 5, 6, 7 - Extremely traumatic",
was cut and bruised in a motorcycle accident,Stimulus item (Set 6),"1 - Not at all traumatic, 2, 3, 4, 5, 6, 7 - Extremely traumatic",
read a political cartoon,Stimulus item (Set 6),"1 - Not at all traumatic, 2, 3, 4, 5, 6, 7 - Extremely traumatic",
witnessed a friend faint,Stimulus item (Set 6),"1 - Not at all traumatic, 2, 3, 4, 5, 6, 7 - Extremely traumatic",
lost control of his/her bowels in a public place,Stimulus item (Set 6),"1 - Not at all traumatic, 2, 3, 4, 5, 6, 7 - Extremely traumatic",
visited a scrapyard full of crashed vehicles,Stimulus item (Set 6),"1 - Not at all traumatic, 2, 3, 4, 5, 6, 7 - Extremely traumatic",
witnessed a deer killed by a hunter,Stimulus item (Set 6),"1 - Not at all traumatic, 2, 3, 4, 5, 6, 7 - Extremely traumatic",
was interrogated by a CIA agent,Stimulus item (Set 6),"1 - Not at all traumatic, 2, 3, 4, 5, 6, 7 - Extremely traumatic",
hallucinated while under the influence of a drug,Stimulus item (Set 6),"1 - Not at all traumatic, 2, 3, 4, 5, 6, 7 - Extremely traumatic",
became impoverished after moving to a foreign country,Stimulus item (Set 6),"1 - Not at all traumatic, 2, 3, 4, 5, 6, 7 - Extremely traumatic",
had a mild allergic reaction to pollen,Stimulus item (Set 6),"1 - Not at all traumatic, 2, 3, 4, 5, 6, 7 - Extremely traumatic",
was beaten until unconscious,Stimulus item (Set 6),"1 - Not at all traumatic, 2, 3, 4, 5, 6, 7 - Extremely traumatic",
was choked by a family member,Stimulus item (Set 6),"1 - Not at all traumatic, 2, 3, 4, 5, 6, 7 - Extremely traumatic",
lost a foot in a shark attack,Stimulus item (Set 6),"1 - Not at all traumatic, 2, 3, 4, 5, 6, 7 - Extremely traumatic",
vomited in a public place,Stimulus item (Set 6),"1 - Not at all traumatic, 2, 3, 4, 5, 6, 7 - Extremely traumatic",
discovered that a home was wiretapped,Stimulus item (Set 6),"1 - Not at all traumatic, 2, 3, 4, 5, 6, 7 - Extremely traumatic",
was deployed in a combat unit,Stimulus item (Set 6),"1 - Not at all traumatic, 2, 3, 4, 5, 6, 7 - Extremely traumatic",
lifted weights,Stimulus item (Set 6),"1 - Not at all traumatic, 2, 3, 4, 5, 6, 7 - Extremely traumatic",
learned about genocide in a college course,Stimulus item (Set 6),"1 - Not at all traumatic, 2, 3, 4, 5, 6, 7 - Extremely traumatic",
help move a piano into a moving truck,Stimulus item (Set 6),"1 - Not at all traumatic, 2, 3, 4, 5, 6, 7 - Extremely traumatic",
cracked his/her knuckles,Stimulus item (Set 6),"1 - Not at all traumatic, 2, 3, 4, 5, 6, 7 - Extremely traumatic",
smelled a rotting animal carcass,Stimulus item (Set 6),"1 - Not at all traumatic, 2, 3, 4, 5, 6, 7 - Extremely traumatic",
nearly suffocated due to an allergic reaction,Stimulus item (Set 6),"1 - Not at all traumatic, 2, 3, 4, 5, 6, 7 - Extremely traumatic",
was abandoned by a romantic partner,Stimulus item (Set 6),"1 - Not at all traumatic, 2, 3, 4, 5, 6, 7 - Extremely traumatic",
killed an adult pedestrian while driving,Stimulus item (Set 6),"1 - Not at all traumatic, 2, 3, 4, 5, 6, 7 - Extremely traumatic",
made a cup of tea,Stimulus item (Set 6),"1 - Not at all traumatic, 2, 3, 4, 5, 6, 7 - Extremely traumatic",
witnessed a father develop Alzheimer's disease,Stimulus item (Set 6),"1 - Not at all traumatic, 2, 3, 4, 5, 6, 7 - Extremely traumatic",
was chased by an angry dog,Stimulus item (Set 6),"1 - Not at all traumatic, 2, 3, 4, 5, 6, 7 - Extremely traumatic",
witnessed a stranger die from a heart attack while working as an emergency medical technician (EMT),Stimulus item (Set 6),"1 - Not at all traumatic, 2, 3, 4, 5, 6, 7 - Extremely traumatic",
was threatened with rape by a family member,Stimulus item (Set 6),"1 - Not at all traumatic, 2, 3, 4, 5, 6, 7 - Extremely traumatic",
witnessed a friend being shot and killed,Stimulus item (Set 6),"1 - Not at all traumatic, 2, 3, 4, 5, 6, 7 - Extremely traumatic",
accidentally shot and killed a friend during warfare,Stimulus item (Set 6),"1 - Not at all traumatic, 2, 3, 4, 5, 6, 7 - Extremely traumatic",
lost a finger in a work-related accident,Stimulus item (Set 6),"1 - Not at all traumatic, 2, 3, 4, 5, 6, 7 - Extremely traumatic",
had a photo taken at a family event,Stimulus item (Set 6),"1 - Not at all traumatic, 2, 3, 4, 5, 6, 7 - Extremely traumatic",
witnessed two strangers talking,Stimulus item (Set 6),"1 - Not at all traumatic, 2, 3, 4, 5, 6, 7 - Extremely traumatic",
was not interviewed after sending out many job applications,Stimulus item (Set 6),"1 - Not at all traumatic, 2, 3, 4, 5, 6, 7 - Extremely traumatic",
read a celebrity magazine,Stimulus item (Set 6),"1 - Not at all traumatic, 2, 3, 4, 5, 6, 7 - Extremely traumatic",
watched a video of strangers dying during 9/11,Stimulus item (Set 6),"1 - Not at all traumatic, 2, 3, 4, 5, 6, 7 - Extremely traumatic",
was rejected by a potential love interest,Stimulus item (Set 6),"1 - Not at all traumatic, 2, 3, 4, 5, 6, 7 - Extremely traumatic",
witnessed a stranger die by suicide with a gun,Stimulus item (Set 6),"1 - Not at all traumatic, 2, 3, 4, 5, 6, 7 - Extremely traumatic",
cut and filed fingernails,Stimulus item (Set 6),"1 - Not at all traumatic, 2, 3, 4, 5, 6, 7 - Extremely traumatic",
lost 15 pounds,Stimulus item (Set 6),"1 - Not at all traumatic, 2, 3, 4, 5, 6, 7 - Extremely traumatic",
played BINGO,Stimulus item (Set 6),"1 - Not at all traumatic, 2, 3, 4, 5, 6, 7 - Extremely traumatic",
watched late-night television,Stimulus item (Set 6),"1 - Not at all traumatic, 2, 3, 4, 5, 6, 7 - Extremely traumatic",
was shot at with a gun,Stimulus item (Set 6),"1 - Not at all traumatic, 2, 3, 4, 5, 6, 7 - Extremely traumatic",
was hit in the face accidentally by a friend,Stimulus item (Set 6),"1 - Not at all traumatic, 2, 3, 4, 5, 6, 7 - Extremely traumatic",
sketched a portrait of a friend,Stimulus item (Set 6),"1 - Not at all traumatic, 2, 3, 4, 5, 6, 7 - Extremely traumatic",
witnessed a stranger being hit by a car and injured,Stimulus item (Set 6),"1 - Not at all traumatic, 2, 3, 4, 5, 6, 7 - Extremely traumatic",
was pushed by a friend,Stimulus item (Set 6),"1 - Not at all traumatic, 2, 3, 4, 5, 6, 7 - Extremely traumatic",
was barked at by a dog,Stimulus item (Set 6),"1 - Not at all traumatic, 2, 3, 4, 5, 6, 7 - Extremely traumatic",
witnessed a son being forcibly arrested,Stimulus item (Set 6),"1 - Not at all traumatic, 2, 3, 4, 5, 6, 7 - Extremely traumatic",
was denied a visa by an immigration office,Stimulus item (Set 6),"1 - Not at all traumatic, 2, 3, 4, 5, 6, 7 - Extremely traumatic",
was slapped in the face by a father,Stimulus item (Set 6),"1 - Not at all traumatic, 2, 3, 4, 5, 6, 7 - Extremely traumatic",
attended a political speech he/she disagreed with,Stimulus item (Set 6),"1 - Not at all traumatic, 2, 3, 4, 5, 6, 7 - Extremely traumatic",
watched a video of a man being beat until unconscious,Stimulus item (Set 6),"1 - Not at all traumatic, 2, 3, 4, 5, 6, 7 - Extremely traumatic",
read a political article with his/her opposite opinion,Stimulus item (Set 6),"1 - Not at all traumatic, 2, 3, 4, 5, 6, 7 - Extremely traumatic",
lost a child due to a terminal illness,Stimulus item (Set 6),"1 - Not at all traumatic, 2, 3, 4, 5, 6, 7 - Extremely traumatic",
witnessed a friend being punched,Stimulus item (Set 6),"1 - Not at all traumatic, 2, 3, 4, 5, 6, 7 - Extremely traumatic",
went for a hike,Stimulus item (Set 6),"1 - Not at all traumatic, 2, 3, 4, 5, 6, 7 - Extremely traumatic",
learned about a family member getting a promotion,Stimulus item (Set 6),"1 - Not at all traumatic, 2, 3, 4, 5, 6, 7 - Extremely traumatic",
witnessed a corpse unexpectedly in the street,Stimulus item (Set 6),"1 - Not at all traumatic, 2, 3, 4, 5, 6, 7 - Extremely traumatic",
tried a new food and found it delicious,Stimulus item (Set 6),"1 - Not at all traumatic, 2, 3, 4, 5, 6, 7 - Extremely traumatic",
witnessed strangers die from blood loss while working as an emergency medical technician (EMT),Stimulus item (Set 6),"1 - Not at all traumatic, 2, 3, 4, 5, 6, 7 - Extremely traumatic",
watched a drama in theaters,Stimulus item (Constant Set),"1 - Not at all traumatic, 2, 3, 4, 5, 6, 7 - Extremely traumatic",This stimulus was part of a constant set of 12 items rated by all participants in order to assess reliability
witnessed a family member die by stroke,Stimulus item (Constant Set),"1 - Not at all traumatic, 2, 3, 4, 5, 6, 7 - Extremely traumatic",This stimulus was part of a constant set of 12 items rated by all participants in order to assess reliability
negligently killed a child pedestrian while drunk driving,Stimulus item (Constant Set),"1 - Not at all traumatic, 2, 3, 4, 5, 6, 7 - Extremely traumatic",This stimulus was part of a constant set of 12 items rated by all participants in order to assess reliability
heard a loud whistle,Stimulus item (Constant Set),"1 - Not at all traumatic, 2, 3, 4, 5, 6, 7 - Extremely traumatic",This stimulus was part of a constant set of 12 items rated by all participants in order to assess reliability
rode a skateboard,Stimulus item (Constant Set),"1 - Not at all traumatic, 2, 3, 4, 5, 6, 7 - Extremely traumatic",This stimulus was part of a constant set of 12 items rated by all participants in order to assess reliability
was knocked unconscious in a bicycle accident,Stimulus item (Constant Set),"1 - Not at all traumatic, 2, 3, 4, 5, 6, 7 - Extremely traumatic",This stimulus was part of a constant set of 12 items rated by all participants in order to assess reliability
was scratched by a cat,Stimulus item (Constant Set),"1 - Not at all traumatic, 2, 3, 4, 5, 6, 7 - Extremely traumatic",This stimulus was part of a constant set of 12 items rated by all participants in order to assess reliability
was disowned from a community,Stimulus item (Constant Set),"1 - Not at all traumatic, 2, 3, 4, 5, 6, 7 - Extremely traumatic",This stimulus was part of a constant set of 12 items rated by all participants in order to assess reliability
was struck by lightning,Stimulus item (Constant Set),"1 - Not at all traumatic, 2, 3, 4, 5, 6, 7 - Extremely traumatic",This stimulus was part of a constant set of 12 items rated by all participants in order to assess reliability
moved to a different house in the same city,Stimulus item (Constant Set),"1 - Not at all traumatic, 2, 3, 4, 5, 6, 7 - Extremely traumatic",This stimulus was part of a constant set of 12 items rated by all participants in order to assess reliability
smoked a cigarette,Stimulus item (Constant Set),"1 - Not at all traumatic, 2, 3, 4, 5, 6, 7 - Extremely traumatic",This stimulus was part of a constant set of 12 items rated by all participants in order to assess reliability
visited a holocaust museum,Stimulus item (Constant Set),"1 - Not at all traumatic, 2, 3, 4, 5, 6, 7 - Extremely traumatic",This stimulus was part of a constant set of 12 items rated by all participants in order to assess reliability
PreviousDiagnosis_YesNo,Have you ever been diagnosed with a psychiatric or psychological problem?,"Yes, No",
PreviousDiagnosis_List,"If the above question is marked ""Yes"", continue with this question. Please select all of the psychiatric diagnoses that apply","Major Depression, Dysthymic Disorder, Seasonal Affective Disorder, Bipolar Disorder, Generalized Anxiety, Posttraumatic Stress Disorder, Panic Disorder, Social Anxiety Disorder, Phobic Disorder, Schizophrenia or other psychotic disorder, Personality Disorder, Attention Deficit Disorder, Learning Disorder (e.g., Reading, Writing, Mathematics), Dementia or other cognitive disorder, Alcohol Use Disorder, Drug Use Disorder, Autism or Asperger's, Other (specify)",
PreviousDiagnosis_Other,Blank item for specification of any unlisted psychiatric diagnosis,Open response,
TraumaScreen,"Some people experience extremely distressing events that are outside the range of common experience.  Examples of such an event include being in a life-threatening situation such as military combat, a natural disaster (floods, earthquakes), a man-made disaster (being in a car accident where someone was seriously injured or killed); being raped, being violently assaulted, or being tortured.  At any time in your life, have you directly experienced any of these kinds of events?","Yes, No",
Gender,What is your gender?,"Male, Female",
Gender_Other,"Blank item for specification of any gender besides ""Male"", ""Female""",Open response,
Race,What is your race? (select all that apply),"Asian/Pacific Islander, Black/African American, Caucasian/White, Hispanic, Native American/Alaska Native, Multi-racial, Other",
Race_Other,Blank item for specification of any unlisted race,Open response,
Ethnicity,What is your ethnicity? (Hispanic/Non-hispanic),"Hispanic, Non-hispanic",
Religiosity,Degree of self-reported religiosity,"1 - Not religious, 2 - Somewhat religious, 3 - Moderately religious, 4 - Very religious, 5 - Extremely religious",
PoliticalOrientation,Which of the following best describes your political orientation?,"1 - Very liberal, 2 - Somewhat liberal, 3 - Neither liberal nor conservative, 4 - Somewhat conservative, 5 - Very conservative",
Age,What is your age?,Open response (numeric only),
